jsmith@example.com
mail@semrush.com
gordon@gordontredgold.com
jim@jimharris.com
heather@jimharris.com
craig@craigcampbellseo.com
emma@twotterconcierge.com.au
emma@twitterconcierge.com.au
robertsmith@company.com
soratemplate@gmail.com
info@superdtp.com
rogier@nieuwelente.nl
anna@nieuwelente.nl
veroni@nieuwelente.nl
carla@nieuwelente.nl
info@nieuwelente.nl
info@dtplabs.com
sales@billian.co.uk
info@dlaignite.com
info@avantage.co.uk
office@avantage.co.uk
bultannews@gmail.com
officehours@profgmedia.com
lemonschweppes1@gmail.com
info@secureship.ca
link-info@secureship.ca
mailgigs1@gmail.com
911mmcommsjobs@911memorial.org
JobAccommodations@united.com
anna.bui@aviva.com
peopleandculture@cbm.org.au
hrcompliance@basspro.com
recruiting@calendly.com
Careers@calottery.com
eeooffice@calottery.com
accommodations-ext@snap.com
abc@gmail.com
suyelranarubel89@gmail.com
tinaanngraves2024@gmail.com
sales@cioworldindia.com
info@mbananavr.com
jobs@bayasystems.com
mailme@akhilesh.info
sales@laserteam.pro
ClarissaYorke@laserteam.pro
contact@nimbleappgenie.com
hr@nimbleappgenie.com
contact@sansoxygen.com
sales@bucklesandbulls.com
jpshock@nexgoal.com
u003einfo@company.com
office@gcreative.eu
bipul.ailinkbuy.com@gmail.com
info@weblineindia.com
goodbacklink@gmail.com
info@globalvendingservice.com
ForcePromoSales@gmail.com
info@markupdesigns.com
example@gmail.com
noreply@freebitco.in
biz@multiqos.com
brands@rankfile.co
business@cittasolutions.com
support@cittasolutions.com
rayhanprodhan57@gmail.com
info@sdd-technology.com
lindsey@lindseyricciardelli.io
info@brandfit.ca
info@BrandFIT.ca
renee@globalwrapec.com
info@globalwrapec.com
marketing@phonemax.com
u002F@museful.quotes
jb@eaio.com
u002F@felicita.by.greco
Grayson@Graysoncross.com
info.kapoorinfra@gmail.com
email@email.com
isyedibtihaj@myself.com
hello@gofincast.com
info@formalsolutions.co.uk
info@cscambodia.com
sales@getdialedin.com
info@deploydepot.ca
user@example.com
guest@domain.com
amkryukov@gmail.com
agustinamingote@gmail.com
hello@zerotocmo.com
name@provider.com
davidwaynepotter@gmail.com
hello@dijitalyardimcim.com
noreply@admind.com
admind@admind.ai
sales@studio45creations.com
info@studio45creations.com
hr@studio45creations.com
hola@papis-tacos.com
royalmalespa@gmail.com
noreply@envato.com
contact@thegraybear.com
reservations@restaurantjag.com
anant@restaurantjag.com
support@fellowdigitals.com
mazaharul4520@gmail.com
biz@apurple.co
hello@letstarts.online
contact@geeks2connect.com
ralphagbara@gmail.com
tim.jones@24-is.co.uk
info@24-is.co.uk
email@example.com
info@speedbacklinks.com
contact@speedbacklinks.com
igsprint.clau@igsprint.com
enquiry@dreamsoft4u.com
hi@modomodoagency.com
bisnisberkah2023@outlook.co.id
info@wesprayanything.com
suresh.developer16@gmail.com
khalid@coursebuilders.co
john.smith@example.com
info@centium.net
info@standoutmedia.dk
elprint@elprint.no
jp@worldstories.com
barney@bluebell.marketing
sales@s-e-t-t.com
20katharina@s-e-t-t.com
support@schedulista.com
marie@gumamelastudios.com
gheravadabhargav@gmail.com
20ask@union-vb.com
ask@union-vb.com
hello@bacano.io
sales@schooldatalists.com
info@vistasocial.com
sales@averickmedia.com
hello@engenerative.com
info@webtechsolution.org
fawadmalik777@gmail.com
qstudio@qnary.com
druthipowercontrols@gmail.com
thanhtrinh317@gmail.com
chad@paramarkmedia.com
hello@prydan.com
Contact@huptechhrsolutions.com
rinku@huptechhrsolutions.com
r_wilberg@yahoo.com
sales@jola.co.uk
support@easysendy.com
info@smartleadmarketing.co.uk
info@eleganceit.co
eleganceitbd@gmail.com
andy@theoldcrown.com
info@theoldcrown.com
john@gmail.com
enquiry@itpathsolutions.com
career@itpathsolutions.com
contact@huckhuckabee.com
hello@itblock.sg
welcome@swifteq.com
info@aggregage.com
DOAS2@DreamingOnAStar.Org
info@ekaspace.com
sales@cognitivplus.com
info@clubmirror.com
logo@2-1.jpeg
info@davidloh.sg
info@roboticmarketer.com
long370586396@gmail.com
humas@kjpl.or.id
humas.kjpl@gmail.com
info@domain.com
ClicksandLead@gmail.com
info@aidetic.in
support@fortis.agency
typesetit@att.net
info@maeander.com
name@yourbusiness.com
info@allgram.com
teguh@intiwarta.com
teguh@kjpl.or.id
teguhas.news@gmail.com
teguhas.news@yahoo.com
redaksi@intiwarta.com
iklan@intiwarta.com
marketing@intiwarta.com
info@redapplelearning.in
sanjakumbhar22@gmail.com
shan.com.uk@gmail.com
hasanmcse@gmail.com
drkashemll@duet.ac.bd
asadbagerhat@gmail.com
info@associative.in
info@eduplusnow.com
info@rikeys.co.ke
Info@rikeys.co.ke
drhakimasad@gmail.com
user@domain.com
matt@antihero.marketing
support@theshoemart.com
jago.properti@yahoo.com
callbox-clients-global@2x.webp
case-study-front-page@2x.webp
info@callboxinc.com
pr@callboxinc.com
sales@callboxinc.com
careers@callboxinc.com
Info@inspectionprosla.com
contact@mysite.com
contact@agwadesign.com
marketing@efficaci.us
ir@pros.com
partners@pros.com
eza@live.com
mw@revenuenorthstar.com
info@revenuenorthstar.com
webmaster@Growthfigures.com
hello@scalitty.com
admin@moslerphilippines.com
info@33admedia.com
Info@33admedia.com
info@libertyhomemortgage.com
foreigntrade@gonsin.com
choosybabe26@gmail.com
contact@techcresendo.com
saphia@saphialanier.com
2-Target@2x.jpeg
3-SendEmail@2x.jpeg
4-Alert-Team@2x.jpeg
unwana100@gmail.com
info@uplarge.com
bureau@bishop.nl
Bureau@bishop.nl
needhelp@nonid.com
sales@semidotinfotech.com
parts@bestautosalvage.com
micah@micahrich.com
filler@godaddy.com
example@mail.com
contact@phoenx.care
chumkysk@gmail.com
impallari@gmail.com
mail@landingpage.com
hello@aebligroup.com
admin@21-boom.com
hello@sunnydsocial.com
GetInTouch@bkdigital.nyc
info@wamatechnology.com
support@mwrlife.com
support@traveladvantage.com
ericdrula@gmail.com
info@seawindsolution.com
service@shopbop.com
name@example.com
business@mohrwolfe.com
nick.kossovan@gmail.com
uxwebsolutionsltd@gmail.com
cbriley2145@icloud.com
info@balinatureholiday.com
punecarhire@gmail.com
classiccabspune@gmail.com
contact@dabaran.com
besttoolsforstartups@gmail.com
admin@abmv.co.uk
otzeret.milim@gmail.com
khanrobi356@gmail.com
goforwards@outlook.com
hello@garycampion.com
dropshipguide84@gmail.com
sales@qavalley.com
info@expertise.com
support@leewear.com.bd
info@yusufovlaw.com
bd@cloudswit.ch
info@numanufacturing.net
info@ufi.co.uk
hello@ryansoftwares.com
hi@c180.agency
support@c180.agency
Sharon@BrainyBirdMedia.com
freelancersowrab@gmail.com
info@tradehorizons.com
hola@afmedia.es
weeklydraw@madeinbury.co.uk
ipfconline@yahoo.fr
email@company.com
info@regaluae.com
office@techprobuilders.com
dm-shenzhen@300.cn
info@microtech-lcd.com
sales@wonderwrks.com
tahmid5550@gmail.com
mdziya0@gmail.com
business@bdtask.com
info@bdtask.com
info@wppf.uk
hire@hackingneeds.com
hire@hackerneeds.com
solutions@leadx3m.com
sales@mindinventory.com
sales@onebillsoftware.com
JPT@GenomeRI.com
JPT@genomeRI.come
london@ntrinsic.net
brussels@ntrinsic.net
support@protosoftech.com
careers@protosoftech.com
manish@digitalthinkhub.com
operations@netlawmedia.com
hello@smartlinks.ca
privacy@lightercapital.com
privacy@meltwater.com
tiecsinhnhatdep@gmail.com
vunammedia@gmail.com
email@demoemail.vn
firozcutler@gmail.com
marketinginbd@gmail.com
nfirozcutler@gmail.com
nmarketinginbd@gmail.com
contact@itoneclick.com
tejas@itoneclick.com
admin@itoneclick.com
hr@itoneclick.com
help@sympli.com.au
info@pipingnow.com
kozmetika@losonczieva.hu
info@arcid.com.bd
info@archid.com.bd
hello@bornmediagroup.com
amin.checkmate@gmail.com
infodesk@larsentoubro.com
igrc@larsentoubro.com
Windy@maysunsolar.eu
elle@maysunsolar.eu
u003eWindy@maysunsolar.eu
hello@fordcreative.co.uk
david@socialimpressions.net
info@digitalnomadsasia.com
info@council-icc.org
ekanasta74@gmail.com
info@swadeshiclick.com
support@wimanx.com
santosh@rpinfotech.in
support@rpinfotech.in
hello@VisualFizz.com
ask@usaii.org
usaiimarketing@usaii.org
info@usaii.org
afcbgs@afc.edu.cn
inspectthegadget2020@gmail.com
studiojoya.bd@gmail.com
manager@ipv4broker.eu
marketing@atrebo.com
hello@4weekwebsite.com
hello@sitealtitude.com
info@voldeta.com
info@softsystemsolution.com
info@kaiser.com
delower@dbuggers.com
delowerjes@gmail.com
info@dbuggers.com
astigma@astigmatic.com
alainnu@gmail.com
bipulgayla@gmail.com
sadhanagayla@gmail.com
katie.koop@summitcountyco.gov
megan.quirk@summitcountyco.gov
enquiry@expostandzone.com
ask@thecreativetroops.com
info@insyncin.com
youremail@yourdomain.com
ripakhanum196@gmail.com
info@growbydata.com
sales@openwebsolutions.in
openweb.solutions@gmail.com
info@parmarcs.com
mindasproperties@gmail.com
info.fattahliving@gmail.com
eh.eptekharemonbd@gmail.com
jtaaffe@tmforum.org
akos@szente.info
info@kamalenvirotech.com
admin@smarttrendse.com
git@github.com
info@ierix.in
contact@heyvast.com
sales@kreatz.com
example@domain.com
careers@jaycoglobal.com
info@jaycoglobal.com
sales@kbs-services.com
monica@sensecheck.com
ask@urbanarts.pk
sales@jasper.ai
callen@chinamashow.com
engitech@mail.com
info@promotive.co.in
info@bussr.com
info@sribalajihospital.com
info@ftb.pe
hello@heiwork.com
info@globaldatapartners.co.uk
inquiries@syntacticsinc.com
info@test.com
info@ignitiv.com
info@marketingview.media
info@qbeast.io
sales@dailysender.com
billing@dailysender.com
webmaster@sawebsoft.com
enquiries@harley-west.com
hello@itodigitalagency.com
support@seoclerks.com
query@finances.com
info@gilbertdb.com
info@riskbusiness.com
contact@singurgroup.com
informesdt@dreamteamfsa.com
suthikornsomporn2@gmail.com
info@harrowonline.org
martech@iundf.ch
jr.shoron93@gmail.com
Jr.Shoron93@Gmail.Com
hello@altcodes.fr
promovid48@gmail.com
Info@bibicosmetics8.com
info@bibicosmetics8.com
ignitormarketing@gmail.com
info@afsainfosystems.com
info@salesgarners.com
support@podup.com
u003Esupport@podup.com
admin@showplatform.com
info@one2create.co.uk
hello@one2create.co.uk
info@dublincoding.ie
info@kaunascoding.lt
info@rigacoding.lv
anna@prahacoding.cz
info@prahacoding.cz
jordanzeleny@gmail.com
info@seamlessos.com
sho@heysho.com
johnsmith@example.com
ADMIN@TALLBOYMARKETING.COM
admin@tallboymarketing.com
info@bartonrock.com
team@latofonts.com
sandy40r@yahoo.com
inquiry@xsstudios.com
contact@alirity.com
info@facets.cloud
jobairh1995foun@gamil.com
info@bristolenergy.coop
info@skimai.com
Khileshds400@gmail.com
brad@upper90studio.com
info@navchetna.ngo
Akiraxlr1@gmail.com
contact@geiafrica.com
eben@eyebytes.com
cocohitech.jsc@gmail.com
info@cocohitech.com
support@markervideo.com
Official@santricendekia.id
findhouse.sale@gmail.com
info@qorvatech.com
matt@4ward.vc
sales@techugo.com
amitbhadana@comogram.com
info@pimvendors.com
hello@alhambra.com
info@ragasoft.co.in
voces25@gmail.com
hello@thedrdigital.com
hello@thedrddigital.com
support@zollioneshop.com
woleebony@yahoo.com
info@techics.com
info@bthaber.com.tr
bulten@bthaber.com.tr
contact@alan-agency.com
info@onlinemarketingheroes.nl
email@hotel.my
info@erpsirius.co.uk
info@monbu.co
hola@monbu.co
info@blocksvalley.com
twilamariesings@gmail.com
your.name@dwdesign.org
kerry@onesmallplanet.com.au
info@kara.ie
alan.oneill@kara.ie
helpdesk@tradeindia.com
info@snhsolutions.com
support@groupbuyseotools.net
sales@theaddressers.com
sales@addressers.com
info@thejablonskigroup.com
laura@logo.ee
logo@logo.ee
name@mail.com
khulnagazette@gmail.com
farzanasabera@gmail.com
ambsam23@gmail.com
karen@taboototruth.com
TheeCodePoet@infosec.exchange
ella@socialella.co.uk
jainsaloni591@gmail.com
info@esafe.ae
info@qixingauto.com
helpdesk@digitalapss.com
official@digitalapss.com
connectus@tenniscricket.in
loretta@likingwebsites.com
Loretta@likingwebsites.com
info@devr.com
u003Einfo@devr.com
info@simplifychange.co.uk
info@blackcabcentral.com.au
info@viax.io
care@samsonorthotics.com
paul.ilett@outlook.com
er.rdgupta@gmail.com
contact@www.digitalvishnu.in
contact@digitalvishnu.in
moov1985@gmail.com
dilip115@gmail.com
hello@wearefactotum.com
hello@factotum.com
support@now.site
Marksanchezbusiness@Gmail.com
mbracs219076@gmail.com
marksanchezbusiness@gmail.com
support@surajnagarwal.com
bostoncontent@gmail.com
geoffrey@geoffreymunn.art
elb.meyer@gmail.com
annem@agence-polux.fr
exemple@votredomaine.com
dennis@denniswakabayashi.com
apex3@apex3.com
20enquiries@ape-x.com.au
enquiries@ape-x.com.au
MrKenosha@outlook.com
info@tcentric.com
kleroy@salesmatrix.com
3458881114@qq.com
rich@sixandflow.com
info@sewingmall.net
info@ggc-consult.com
tre@TrePryor.com
contact@statuspal.io
eduardo@messuti.io
mike@franklinbenefitsgroup.com
info@careerpathsnw.com
info@example.com
Sales@Blustream.io
info@blustream.io
hello@appmarketingplus.com
info@ideatick.com
name@email.com
devondemandco@gmail.com
nickrichards@laudis.co.uk
johnpanczak@laudis.co.uk
siegl@obstetrix.eu
siegl@fondeon.de
opinionexcellent@gmail.com
hello@propelrr.com
careers@propelrr.com
info@idesignibuy.com
info@angliacapitalgroup.co.uk
rebeccaspoont@gmail.com
u003ehello@gloriouslygood.net
info@wasettlements.com.au
info@group1826.com
vibee@b2beematch.com
media@realware.com
suporte@viagens.com.br
b@giant.health
tim@likeamoth.co.uk
vashishthaphysio@gmail.com
info@iotinhome.com
talent@woodrecruitment.com.au
info@woodrecruitment.com.au
info@rfblegal.co.uk
dariusz@rocketvodka.com
support@tubemapper.app
inquiry@shyamfuture.com
info@asmarketingagency.com
kongpany@gmail.com
clickforcareers@gmail.com
alamindeveloper@gmail.com
sales@accuratelist.com
funding@ifundlab.com
enquiries@bloc.digital
dine@slatestreetcafe.com
info@leadwick.com
example@email.com
20pcc@ceoconnection.com
info@pidigitalsolutions.com
drsingh@sloan.mit.edu
encinacampu@gmail.com
Eramnawazkhan112@gmail.com
info@change-ahead.de
info@zunesis.com
sales@goexperiencecloud.com
info@carterlane.es
info@vital-capital.com
eric@consultcrux.com
info@mystunningwebsite.com
info@yifex.com
info@phizzle.com
hello@leoniconsultinggroup.com
sales@china-rigid.com
academy@alicantecityfc.com
info@rvassociates.co
sales@rvassociates.co
hello@beinfluence.co
contactus@geelimited.com
sales@cablesyt.com
email@trademarktonic.com
info@nucom.com
info@talinda.net
marketing@talinda.net
customercare@atozfurniture.ae
info@cortical.io
audrey@olyinka.com
hello@TechSPARK.co
tonmoyrana080@gmail.com
rulettstrategy@gmail.com
fullhouse128@gmail.com
bachtuyet@hanoifullhouse.com
Fullhouse128@gmail.com
lequyen@hanoifullhouse.com
support@thankgodi.com
info@thankgodi.com
itscybergaming3@gmail.com
Info@SmartSimpleMarketing.com
info@cloudysave.com
info@fathomable.com
hello@360growthmarketers.com
techsupport@mhcautomation.com
errorxit.in@gmail.com
contato@agenciawebsites.com
ak.creativecontent@gmail.com
emma@queeniecreative.co.uk
info@renegadeinsurance.com
afalamin112233@gmail.com
Arrietakristina@gmail.com
souravvietando@gmail.com
growyourclass@gmail.com
info@everly.eu
saleskiwi@outlook.com
support@consta.link
info@rpc-partners.com
asst@eastendtaste.com
moreinfo@jethroltd.com
info@opyl.ai
hello@cuberocket.com
dlhonghahcm@gmail.com
info@ParagonCyberSolutions.com
sales@siska.com
ralf.ladner@netzpalaver.de
fran@underwingliverpool.com
ventascasamac@gmail.com.pe
p@outgrow.co
marketing@tuya.com
vip@tuya.com
service@tuya.com
pr@tuya.com
info@salesdriveuk.co.uk
info@www.salesdriveuk.co.uk
info@manektech.com
usa@manektech.com
uk@manektech.com
jobs@manektech.com
ndawoengelsibongile@gmail.com
JoinrohitSharma@gmail.com
Joinrohitsharma@gmail.com
joinrohitsharma@gmail.com
support@iconservices.net
info@possiblenow.com
info@aucentral.com
spinach4breakfast@gmail.com
Glottomma@Yahoo.co.uk
whistleblower@nseit.com
contact@aujas.com
careers@aujas.com
zine-brochure-flipbook@2x.webp
reflowable-magazine4@2x.webp
info@wisatapulaukomodo.com
BOOKINGS@SKIPPERMYBOAT.COM
Hello@thisismeagency.co.uk
info@optimarkservices.com
optimarkservices@gmail.com
info@alconost.com
hello@eldadc.com
info@dredgebangla.com
info@alphamarketing.gr
prahichuiya@gmail.com
info@inwizards.com
info@ehsmail.com
Sales@prominentcontact.com
info@sigmatech360.com
info@applicantone.com
startups@activate.co.uk
investors@activate.co.uk
thefeednewz@gmail.com
info@tss-adv.com
info@featsystems.com
support@pornhub.com
info@sarria100.com
info@qooal.com
INFO@QOOAL.COM
cchakrabarti97@gmail.com
peter2olumide@gmail.com
enquiry@ctrltab.co.in
info@fusionlayer.com
accounts@touchtelecom.co.uk
test@example.com
connect@hostbooks.com
live.hmpiyal@gmail.com
dhakamodelagency.bd@gmail.com
kompasiana@kompasiana.com
kerjasama@kompasiana.com
pe4enia69@abv.bg
ask@ohio.clbthemes.com
work@ohio.clbthemes.com
hello@clbthemes.com
info@sghworldwide.com
info@sghworlwide.com
ankitkumar08921@gmail.com
toysgamescolors@gmail.com
info@mobisharnam.com
sales@mobisharnam.com
help@praadistech.com
contact@insureflow.co.uk
contact@rhc-hosting.com
enquiries@mla-ltd.co.uk
info@broadleafresults.com
help@resizing.app
support@aechive.net
info@ndiscovered.com
contact@nelsonfrank.com
contact@jeffersonfrank.com
survey@jeffersonfrank.com
care@easemytrip.com
Care@easemytrip.com
test@gmail.com
bhavika.sharma@easemytrip.com
media@easemytrip.com
infoluz2019@gmail.com
info@odsc.com
username@example.com
john.doe@example.com
ryan.m@altoros.com
dpo@altoros.com
gognasantkumar@gmail.com
Sale@ridervivan.com
studio@mendipmedia.co.uk
info@wearegap.com
info@connectplaza.com
info@myanmarshalom.com
info@virtualroi.com
hello@circlyapp.com
support@webspiderint.co.uk
support@webspider.pk
support@webspiderint.com
help@mycompliancepeople.com
hello@mycompliancepeople.com
info@aotwo.net
hr@aotwo.net
help@cataloniastore.com
support@youngtraderwealth.com
markdownblogg@gmail.com
africanart@ashionegallery.com
info@pathsolutions.com
steve@desertcharities.com
orders@champagneroute.com
service.desk@tech-ip.co.uk
billing@tech-ip.co.uk
sales@tech-ip.co.uk
enquiries@tech-ip.co.uk
info@osa-essen.de
Chepko@yandex.ru
yen@heykona.com
office@lbase.software
antonello.sambucci@gmail.com
info@cybotronics.com
a.rahman4959@gmail.com
na.rahman4959@gmail.com
talk@digitaltravelexpert.com
sales@alltouchdisplay.com
info@AllTouchDisplay.com
Sales@AllTouchDisplay.com
Info@AllTouchDisplay.com
Services@AllTouchDisplay.com
donations@mwangaza.co.ke
contact@example.com
info@dachshunddigital.com
info@ems-works.com
csupport@ems-works.com
info@marketplacerisk.com
hello@prfire.com
sales@unique-creations.biz
info@stylographicshub.com
info@futurotec.in
suketu.modi@futurotec.in
info@canvasscompany.nl
stepoutvisual@gmail.com
info@choprop.co.za
rasna@cimacmarketing.com
rob@cloudbreakdigital.com
info@locstat.co.za
converge@sapientrazorfish.com
barbora@barboracervenkova.cz
sales@matrixmetal.in
matrixmetalind88@gmail.com
info@ematters.be
Suresh.Kumar@zmotors.com
johnzhang@hhhtyremart.com
a.g.p.trading@cytanet.com.cy
nikos@ketselidis.gr
jtliaw@nhk.com.hk
orri@nrg.is
vikmoh@hotmail.com
clement@onvol.net
parts@alliedmotors.co
bijuk@mhd.com
carssrilanka@gmail.com
winthorn@porsche.co.th
levent.sasmaz@lachuv.com
Altug.dumrol@lachuv.com
enquiries@nasseralmeraikhi.com
radiantwaxusa@gmail.com
johndennis@hotmail.com
pontus.lenell@trywebtec.com
hello@spitche.com
welcome@spitche.com
jo@jannao.com
user@connectbase.com
user@connected2fiber.com
security@connectbase.com
Phone_V2.1@2x.webp
Phone_V2.1@2x-66x66.webp
Phone_V2.1@2x-150x150.webp
Phone_V2.1@2x-200x200.webp
Phone_V2.1@2x-300x300.webp
Phone_V2.1@2x-400x401.webp
Phone_V2.1@2x-600x601.webp
Phone_V2.1@2x-768x769.webp
Phone_V2.1@2x-800x801.webp
Phone_V2.1@2x-1022x1024.webp
Phone_V2.1@2x-1200x1202.webp
Phone_V2.1@2x-1534x1536.webp
reina@reinatrustbuilding.com
info@yavaris.com
sales@eventbrite.com
press@eventbrite.com
charity@eventbrite.com
orders@eventbrite.com
installments@eventbrite.com
ebhelp@eventbrite.com
nonprofit@eventbrite.com
hi@authorchristinewalters.com
enquiries@meridianbs.co.uk
meet@marrow.red
newbusiness@marrow.red
partners@marrow.red
careers@marrow.red
info@lawmkr.com
enquiries@nbv.co.uk
info@vakoms.com
info@qualityze.com
info@breachbits.com
support@breachbits.com
info@avidworkstechnology.com
mark.xa.rands@barclays.com
laraine.king@barclays.com
info@hamiltonccm.com
195094303@qq.com
Darwen@china-trucksale.com
hello@thefervency.com
support@nicklpass.com
enquiry@ajapro.com
info@agilita.ch
info@ayarlabs.com
kerry@genietherapy.com
hello@genietherapy.com
info@joheco.nl
enquiries@voipexchange.co.uk
Compliance@voip-unlimited.net
scottg@baonenterprises.com
info@snellingbiz.com
jane@example.com
video-thumbnail@2x.webp
book-with-badges@2x.webp
success@ocxcognition.com
your@your.com
info@technoimpact.com.au
hello@api.video
hello@xclaimit.io
Hello@XClaimit.io
hello@xclaimit.com
info@dealsinsight.com
contact@reciproc-it.com
info@qservicesit.com
honestexpo@126.com
john@example.com
orders@getgokart.com
members@sifted.eu
info@appverticals.com
info@tridesetri.com
cybercare@tuta.info
cybercare@tuta.io
theharborkeepers@gmail.com
info@dropjawventures.co.uk
contact@cybercover.uk
hello@turtl.co
sales@adroitmarketresearch.com
info@connectus.org.uk
exemple@mail.com
utilisateur@exemple.com
contact.equestrian@gmail.com
info@uscapital.com
info@MyJobHelper.com
info@smeloans.co.uk
info@generational.com
media@generational.com
info@incrementx.com
henri@rain.global
jarne@rain.global
pekka@rain.global
minka@rain.global
antti@rain.global
tuukka@rain.global
info@rain.global
hello@ubermetrics.com
team@trubrain.com
hello@furl.co.uk
info@techrecur.com
admin@ezeefraud.com
hello@redeggmarketing.com
info@copious.co.uk
info@flexibase.com
editor@amj.net.au
amj@medicineinsights.com
dhkovaleski@comcast.net
spphelp@adobe.com
computernetc@gmail.com
sales.israel@intersog.com
Sales@Yeetek-Electronics.com
windowscenter@2x.png.webp
office@handymanhastings.co.uk
success@ignitetech.com
info@clarionevents.com
kkantrowitz@gmail.com
Kkantrowitz@gmail.com
info@lacom.gr
support@gecdesigns.com
info@webmail.coma
info@examplehigh.com
loa@activ8inc.com
info@activ8inc.com
orders@thomased.co.uk
newtonabbot@thomased.co.uk
info@easycorrect.com
info@sldmanagementltd.co.uk
ByAdamHr@tuta.io
dpo@roi-up.es
info@roi-up.es
info@roi-up.pt
info@roi-up.com.mx
growth@datamindmedia.com
you@domain.com
mymttw@gmail.com
info@infovista.com
slidedesigning.com@gmail.com
design@takeitimage.com
hello@OPOLO.io
contact@livecleantoday.com
info@brandvenue.com.ng
support@unitedcrowd.com
info@versatileitsolution.com
JOBS@REDREC247.CO.UK
jobs@redrec247.co.uk
service@jkesecurity.co.uk
support@govardsoft.pro
inquiry@hirinfotech.com
info@envisionsuccess.net
MaverickAdverts@gmail.com
futurchealthandhome@gmail.com
info@launchafrica.vc
veronica@podsoundschool.com
contact@inspectiondoctor.net
InspectionDoctorFL@gmail.com
info@holisticindex.com
tom@holisticindex.com
INFO@HOLISTICINDEX.COM
suporte.vectomobile@gmail.com
vectomobile@gmail.com
remi.beges@gmail.com
hello@clickintelligence.co.uk
frutagreen1@gmail.com
fistralmark@gmail.com
info@mysite.com
hello@nemoresourcing.co.uk
hubbukradio@gmail.com
hello@alfonica.com
info@globalb2bcontacts.com
leads@globalb2bcontacts.com
info@clou-media.de
info@spiritualtech.io
info@conexusins.com
info@gmail.com
franpitre.sings@gmail.com
hello@deliveredsocial.com
office@iheem.org.uk
info@aquamarkcleaning.co.uk
DIGITALBHAARAT@HOTMAIL.COM
contacto@cenicco.com
info@sklarwilton.com
nandadulal@bloggingstudios.com
sayon@bloggingstudios.com
sagar@bloggingstudios.com
indrajit@bloggingstudios.com
jayanta@bloggingstudios.com
souvik@bloggingstudios.com
subhra@bloggingstudios.com
partha@bloggingstudios.com
dip@bloggingstudios.com
Sourin@bloggingstudios.com
Sushanta@bloggingstudios.com
subhajit@bloggingstudios.com
debasishkar.seo@gmail.com
koushik@bloggingstudios.com
sales-team@binaryfolks.com
warren@mclgreen.com
Info@Sigmaridge.com
info@elevatedonline.uk
donna@damnsmartmarketing.co
info@flexn.io
info@adaranetworks.com
contact@blogtrovert.com
hr@caresortsolutions.com
sales@globemicro.com
info@reallydifferent.com
kontakt@aifinity.io
info@filmlook.com
legal@filmlook.com
hr@filmlook.com
jobs@filmlook.com
pr@filmlook.com
quotes@filmlook.com
info@n8its.com
innovate@techtrailblazers.com
info@gbbcoaching.co.uk
stevem@antonybatty.com
brentwood@antonybatty.com
Brentwood@antonybatty.com
office@antonybatty.com
info@gruporegenera.com
info@regenerapni.com
alexandra.rusu@innoenergy.com
lucienne.krosse@innoenergy.com
info@eightengines.com
hey@contentadore.com
main-jedi-h-400@2x.png.webp
hello@contentadore.com
info@lcfclubs.com
info@dgmutual.co.uk
info@seoplan.co
info@universaltechies.com
sales@suncorstainless.com
20info@hospitalsuccess.com
info@hospitalsuccess.com
20hospitalsuccess@gmail.com
hospitalsuccess@gmail.com
SUPPORT@GENVOICE.NET
20sales@genvoice.net
sales@genvoice.net
jaimeshine@gmail.com
Jeff@LillicotchMedia.com
info@contentserv.com
elle.marketer@gmail.com
realisticpoetryint@yahoo.com
realisticpoetryhelp@yahoo.com
info@maramani.com
info@hub101.org
procim@itassociates.co.uk
hello@itassociates.co.uk
support@ikcontrols.com
enquiries@beaufortraglan.co.uk
info@nodusrug.it
info@travganic.com
info@sogody.com
info@actinius.com
info@piiqmedia.com
webshop@jewelultra.com
info@artistmakeupstore.com
sales@wholesaletrending.com
contact@theme.com
comunicacion@enfoca-2.com
jane@marylebonemarketing.com
support@dzone.com
exemplo@gmail.com
info@thinklinkers.com
hi@ohiogreenteam.com
bd@ohiogreenteam.com
ryan@ohiogreenteam.com
BL@knocker-foskett.co.uk
jcorraoiii@corraogroup.com
enquiries@cacklebean.com
info@visimidigital.com
nativelook@nativelook.com
ben@tkp.fi
marko@tkp.fi
minna@tkp.fi
toimisto@tkp.fi
info@archiver-project.eu
enquiries@first-base.co.uk
sales@aaglobalprint.com
jem@socialjems.co.uk
sarah@socialjems.co.uk
privacy@cvent.com
contactus@clootrack.com
info@frameandfame.com
info@expeed.com
info@morganlocksmiths.co.uk
contact@digitalgrowup.in
hr@engeniuspark.com
info@engeniuspark.com
name@company.com
info@miromico.ch
solanmcclean@gmail.com
info@gazelle.capital
sales@sytoss.com
info@sytoss.com
jack@bloom.space
faruk01912686671@gmail.com
farukmmcstat@gmail.com
hello@socialdividend.global
talents@socialdividend.global
info@yourcvconsultant.co.uk
stamateinstal@yahoo.com
info@oseltech.com
sales@secondcityvapour.com
press@strikephotonics.com
info@techtic.com
copy@sound-check.co.uk
rich@sound-check.co.uk
info@ura-robotics.com
johnny@walesdata.com
info@stemilioncapital.com
support@softwaresupp.com
hello@socitmadvisory.co.uk
program.intake@usda.gov
craig@selectvoiceanddata.com
info@matrixmarketers.com
support@unitedep.biz
support@gcplearning.com
info@ggateway.tech
john.doe@gmail.com
josemaria.perezflor@gmail.com
support@iq-test.ca
info@aporiacustoms.com
hi@beeketing.com
info@umusic.com
enquiries@timelapseuk.com
contact@digivark.co
u003eprivacy@afternic.com
u003eprivacy@godaddy.com
info@haydenfilmsinstitute.org
enquiries@easypanels.co.uk
clare@easypanels.co.uk
signy@sigcomm.net
reservation@papaspiroslive.com
helloimran4142@gmail.com
service@spreadshirt.com
marketingbybel@gmail.com
allsocialjessie@gmail.com
jessie@allsocialjessie.com
anders@typetrail.com
filmandtelevision@yahoo.com
course.enquiries@midkent.ac.uk
info@roofingmastersnetwork.com
consult@webdigitally.com
info@weprintanddesign.co.uk
info@bestfutureeducation.com
info@ne-bs.co.uk
info@salismania.com
john@willoughby.email
admin@demcastusa.com
enquiries@wwdmc.com
info@gorangatech.com
info@globaldb.co.uk
info@epflpress.org
hello@zestl.com
surandra70610@gmail.com
info@crebaco.org
youremail@gmail.com
iam@parisplatanias.com
ask@collectibulldogs.com
barbiemalibumodel@gmail.com
Info@VirtualTeam365.com
info@hsma.biz
april@aadhelp.com
hello@kavacommunications.com
info@koolmaxgroup.com
contact@code-operative.co.uk
contact@palatinogroup.com
addons4prestashop@gmail.com
enquiries@crossflight.com
info@2irecruit.co.uk
tanbhir00ict@gmail.com
robb@robbwallacemedia.com
hello@groworx.com
info@groworxglobal.com
tours@liveforthehills.com
partners@novacyber.com
summit@prseia.org
info@newportcare.com
info@ofglass.com.tr
contact@studyrightnow.com
Abc@gamil.com
hello@flamingocreative.com.au
info@impact4health.com
info@yegobox.com
paula@paulacarper.com
info@sprogar.com
hello@bemunchieonline.co.uk
hello@bemunchie.co.uk
info@jpadvocates.co.ke
Info@jpadvocates.co.ke
matt@pixelspread.com
hello@rfuenzalida.com
Sales@spooller.com
Joe@Spooller.com
joe@spooller.com
contacto@losstrategas.com
redaksi@bulawanews.com
dave@davestravelcorner.com
sales@webnetism.com
careers@webnetism.com
info@herneuk.com
sales@cliqtechno.com
welcome@moonexecsearch.com
wolfowlpod@gmail.com
HELLO@KEEPITLIGHTMEDIA.COM
podcastadsales@sonymusic.com
hello@MTGMpod.com
elisandjohn@bbc.co.uk
trevor.jordan@bauermedia.co.uk
will.goldston@bauermedia.co.uk
stayingrelevant@insanityhq.com
support@qpython.org
info@rugbyrep.com
hello@payscanner.com
firstname@criss.com
info@transformant.io
info@Transformant.io
heybro@broga.com
support@normglasses.com
Rethse213@gmail.com
nRethse213@gmail.com
contact@gramsandscams.org
Coaching@whoseapple.org
nadegerosace@yahoo.com
support@photoutils.com
contact@latouchemusicale.com
okti_li@ymail.com
connect@highimpactmedia.net
sales@highimpactmedia.net
info@ilssi.org
g2mapps1@gmail.com
538LTD@GMAIL.COM
info@chicagowestandinc.org
info@ecommfinder.co.za
hello@bitcoinenergysummit.com
ali@busrentdubai.ae
Chaseathompson@gmail.com
hello@forekast.com
contact@teacherstern.com
bappikhan189@gmail.com
ceo@DotnikStudio.com
sales@triram.edealerhub.com
ashique@karanmalikk.com
karan@karanmalikk.com
vadyba@bads.lt
accounts@mitpublishing.co.uk
autoedubads@gmail.com
export@autoedu.lt
info@flhymarketing.com
mark@djmarkwalker.com
hello@cary.io
contact@managerup.com
sales@bankoe.com
info@johnsonreed.co.uk
itsmegdre@gmail.com
paul@wordsmithpartnership.com
vikki@wordsmithpartnership.com
mail@gesl.net
mr.rabeahodab@gmail.com
info@researchcosmos.com
sales@researchcosmos.com
partners@researchcosmos.com
hello@amplify.ng
hello@.amplify.ng
info@coeuslondon.com
info@standoutcare.com
info@standoutcare.org
hello@palmspire.com
admin@ubocnc.com
rahat@ubocnc.com
frassocaiateskpk1@gmail.com
efrain2402@gmail.com
bilydu90@hotmail.com
lynda@scullywag.com
laurent.denayer@ume.solutions
rolf.bachner@ume.solutions
oleksiy.shostak@ume.solutions
contact@ume.solutions
contact@outsec.co.uk
sales@outsec.co.uk
support@outsec.co.uk
ashley@a3media.com
cmtc@cmtc.org
contact@torchbearer.dev
hello@theadsagency.co
frank@frankstake.com
info@jbcole.co.uk
careers@jbcole.co.uk
support@jbcole.co.uk
info@naap.co.uk
info@altruisk.com
eastbourne@bluebirdcare.co.uk
care@bluebirdcare.co.uk
info@currerimarketing.com
book@limowebchicago.com
learnrobot@learnrobot.com
manejah@manejahpr.com
grantham@signs-express.co.uk
capitaine@batelier.fr
sales@nbdata.co.uk
support@sdwansolutions.co.uk
info@sdwansolutions.co.uk
20info@sdwansolutions.co.uk
info@sdwan-solutions.global
support@webador.com
ukvoicemails@eventbrite.com
charity@eventbrite.co.uk
business@mexc.com
institution@mexc.com
media@mexc.com
sales@instromet.co.uk
1581480463_retouch-xs@1x.webp
1581480463_retouch-xs@2x.webp
1581480463_retouch-sm@1x.webp
1581480463_retouch-sm@2x.webp
1581480463_retouch@1x.webp
1581480463_retouch@2x.webp
relationshipsMacbook@1x.webp
relationshipsMacbook@2x.webp
HP-ginabest@1x.webp
HP-ginabest@2x.webp
dealsMaciphonesm@1x.webp
dealsMaciphonesm@2x.webp
dealsMaciphone@1x.webp
dealsMaciphone@2x.webp
projectsMacbook700@1x.webp
projectsMacbook700@2x.webp
projectsMacbook@1x.webp
projectsMacbook@2x.webp
hp-jeremypicker@1x.webp
hp-jeremypicker@2x.webp
growMacbook700@1x.webp
growMacbook700@2x.webp
growMacbook@1x.webp
growMacbook@2x.webp
HP-joshnelson@1x.webp
HP-joshnelson@2x.webp
Apple-devices320@1x.webp
Apple-devices320@2x.webp
Apple-devices1200@1x.webp
Apple-devices1200@2x.webp
apple-mail@1x.webp
apple-mail@2x.webp
apple-calendar@1x.webp
apple-calendar@2x.webp
apple-siri@1x.webp
apple-siri@2x.webp
apple-face-time@1x.webp
apple-face-time@2x.webp
apple-face-id@1x.webp
apple-face-id@2x.webp
apple-pages@1x.webp
apple-pages@2x.webp
james@1x.webp
james@2x.webp
julia@1x.webp
julia@2x.webp
carolyn@1x.webp
carolyn@2x.webp
mehreen@1x.webp
mehreen@2x.webp
tanner@1x.webp
tanner@2x.webp
ray@1x.webp
ray@2x.webp
grouped-badges-small@1x.webp
grouped-badges-small@2x.webp
grouped-badges-large@1x.webp
grouped-badges-large@2x.webp
sales@inovaeg.com
alison@antonybatty.com
info@locke-mccloud.com
sales@cnc-ltd.co.uk
ask@maryayaqin.com
info@fifthpillarbooks.com
info@fifthpillabooks.com
yveszieba@ik.me
hello@workbuzz.com
info@wiselaw.com.au
sales@multi-plast.com
info@multi-plast.com
bridgwater@pardoes.co.uk
taunton@pardoes.co.uk
jd@purelyprobate.co.uk
yeovil@pardoes.co.uk
enquiries@pardoes.co.uk
info@thelandscapeservice.com
enquiries@corgi-direct.com
info@leadergpu.com
info@orientekot.com
support@rankingcoach.com
hello@leadsmarttech.com
hcrop1920x930@stretch.jpg.webp
hcrop1528x740@stretch.jpg.webp
stretch@crop2.jpg.webp
ashton@surestore.co.uk
burton@surestore.co.uk
bury@surestore.co.uk
bolton@surestore.co.uk
cannock@surestore.co.uk
lichfield@surestore.co.uk
northwich@surestore.co.uk
stafford@surestore.co.uk
manchester@surestore.co.uk
wigan@surestore.co.uk
southport@surestore.co.uk
wokingham@surestore.co.uk
york@surestore.co.uk
stevenage@surestore.co.uk
sales@surestore.co.uk
enquiries@surestore.co.uk
metalalder@gmail.com
info@bluelabelconsulting.com
marketing@egridtek.com
careernaksha1@gmail.com
art@janepaice.com
hello@out2safari.com
safiritena@gmail.com
hello@shiftbrand.co.uk
soile@sometaito.com
info@ppc-outsourcing.co.uk
info@ppc-outsourcing.com
help@thehomeplace.org
help@TheHomePlace.org
info.seolinkhub@gmail.com
info@marketinglad.io
spam@example.com
another_spam@example.com
registry-help@registry.godaddy
Info@vTechSolution.ca
engitech@oceanthemes.net
contact@scynet.ai
info@em-arc.com
support@backit.me
quality@backit.me
info@knabu.me
hello@sunnybirdpr.com
sales@art4gift.com
info@brianjonescoaches.com
info@iaconnects.co.uk
info@unfpod.com
pswanton@mycdjr.com
info@backboneinc.com
pr@zendure.com
janetcohen@whsak.com
alcohen@whsak.com
anthony@zesea.com
contact@airfocus.com
your-email@example.com
akarun.037@gmail.com
help@shopsunglasses.net
ebtravel2@gmail.com
info@nilssonhedge.com
solutions@skayl.com
info@EvelynLacerda.com
admissions@emildale.co.uk
sales@ebiztrait.com
online@teamswitch.nl
info@bravinci.com
info@ubtconsults.se
jmcmurray@wlu.ca
office@rionline.org
skopje@webfactory.mk
tokyo@webfactory.mk
info@modirum.com
info@americanlithiumcorp.com
michael@lovelanddigital.com
hello@wegroup.be
info@combodesigns.com
admin@enansa.com
strategy@plasmechanica.com
info@digitalapplied.com
info@cjstrand.com
info@infurm.com
support@dzinga.com
info@dzinga.com
team@techmarket.com
chinonsonwakaeme@gmail.com
nsuhag114686@gmail.com
info@gomezconsult.com
morten@kaupr.io
redaksjonen@kaupr.io
support@socialnovo.com
info@themauispa.com
hello@nourisheverychild.org
hello@social.industries
sales@datacav.ca
sales@datacav.com
sidjacobmusic@gmail.com
info@DarrenCharles.co.uk
chaz.d82@gmail.com
info@db7.co.id
hello@leadent.digital
info@politoinc.com
megatype04@gmail.com
ega@ega.it
info@as-nu.co.uk
wimbledon@localnewsie.co.uk
pineapplehousetryall@gmail.com
info@switchonbenefits.com
yourmail@mail.com
d@exeter.ac.uk
e@bath.ac.uk
h@bath.ac.uk
s@unibw.de
g@unibw.de
e@smu.edu.sg
l@hw.ac.uk
o@ugr.es
d@web.de
e@gmail.com
s@lancaster.ac.uk
s@tlog.lth.se
a@gmail.com
e@dtu.dk
e@imperial.ac.uk
e@syr.edu
d@bath.ac.uk
n@utah.edu
d@hotmail.com
w@imperial.ac.uk
t@echaa.eu
0@management.bath.ac.uk
0@bath.ac.uk
t@pt.lu
n@imperial.ac.uk
n@asb.dk
n@kompetenz-wasser.de
Hello@futurestrategyclub.com
support@londoncreative.co.uk
support@alluforu.com
get@sourcingtraining.com
abeikusantana@gmail.com
info@infiplex.com
noreply@infiplex.com
contact@scoopsocial.com.au
contact@scopsocial.com.au
billy@charleyboorman.com
info@largocs.com
estimates@eaglemailing.com
info@lesastl.org
kauble@lesastl.org
mark@onthelinesites.com
kocosmeticsurgery@gmail.com
askus@sdbfilms.com
info@komshine.com
info@protectme.mx
info@surgestream.com
INFO@SPORTSALIVE.NET
info@sportsalive.net
accounts@sportsalive.net
thepascal@mail.com
info@impliciteffect.com
info@musanatoursandtravel.com
info@consultcrs.com
sales@webscraping.us
vartika.sehgal@rncos.com
jonathan@thecsms.com
mmprofits1987@gmail.com
x22mmprofits1987@gmail.com
license@prestashop.com
tech@202-ecommerce.com
elqui@digitalpartners.nl
welkom@elqui.nl
potadsmail@gmail.com
sales@kadro.com
info-request@kadro.com
support@kadro.com
fxpremieregroup1@gmail.com
jae@jaedavis.media
tours@wondersoftibet.com
bazaar@2.41.1.css
info@newvisionconcept.com
Rating@Mail.ru
lab.lina@abv.bg
lab@lina-bg.com
hello@firstpagemedia.com
hernandez.angelica77@gmail.com
info@c4techservices.com
info@fudgelearn.com
alaminbrand24@gmail.com
hello@onquautomation.com
gotyoucovered@impactcovers.com
info@growtics.com
info@socialpharma.net
info@yewale.com
contact@realinternetsales.com
admin@share-ask.com
shareaskdotcom@gmail.com
info@abfsdc.org
info@brainak.com
brainakinfo@gmail.com
hr@brainak.com
info@tykhehealthcare.com
Rashtriyjanparty@gmail.com
info@byphone.co.uk
hello@appguardians.com
info@wdnetstudio.pl
support@iberrywifisecurity.com
aspartnersoffice@gmail.com
info@hivemsg.com
info@qgmedia.io
digital-exporting@trade.gov.uk
john@doe.com
enquiries@auroraclm.com
info@bluecoppertech.com
info@iforcleaning.com
london@moi-global.com
turningheads@moi-global.com
newyork@moi-global.com
singapore@moi-global.com
create@distilledfilms.co.uk
info@useblanco.com
info@studiobruikbaar.nl
info.kimbo@mammafiore.eu
info@xainteractive.com
Nigel_Lake@mastodon.world
sales@selectindiaholidays.com
info@simplex-services.com
info@slumberBUMP.com
hello@engageweb.co.uk
info@engageweb.co.uk
INFO@ENGAGEWEB.CO.UK
info@fomacorp.com
sales@ranosys.com
dedavidfenton@gmail.com
dannypenrose@gmail.com
mail@fossegallery.com
mail@cybershoes.com
nelly.rinot@red-hot.co
info@azureprinceinc.com
info@megabytetech.com
abc@example.com
duniform@cytanet.com.cy
provoiceguy@gmail.com
vivslf@outlook.com
akinpedia@outlook.com
talk@maonosafaris.com
sales@protectgrp.co.uk
accounts@protectgrp.co.uk
info@appsoln.com
rupert@leanproject.co
bemob@2x.webp
keitaro@2x.webp
adsbridge@2x.webp
appsflyer@2x.webp
voluum@2x.webp
redtrack@2x.webp
binom@2x.webp
peerclick@2x.webp
aliexpress@2x.webp
golden-goose@2x.webp
nextad@2x.webp
dafabet@2x.webp
4x4@2x.webp
adheart@2x.webp
traffic-company@2x.webp
cpamatica@2x.webp
favbet@2x.webp
iqoption@2x.webp
1xbet@2x.webp
zeydoo@2x.webp
joy-casino@2x.webp
imonetizeit@2x.webp
oasis-games@2x.webp
stargames@2x.webp
zenads@2x.webp
support@hilltopads.com
ts@hilltopads.com
rajasthancab@gmail.com
info@rajasthancab.com
recruitment@thegpagency.co.uk
Lynn@thegpagency.co.uk
maria@thegpagency.co.uk
lynn@thegpagency.co.uk
Alex@thegpagency.co.uk
MARIA@THEGPAGENCY.CO.UK
ppmbloemen@hotmail.com
info@YFICreative.com
support@lbt.co.uk
sales@lbt.co.uk
Laura@eatchirps.com
info@jenniemore.com
Privacy@gravityspeakers.com
info@gravityspeakers.com
info@temps4care.co.uk
cogito_ergo_dev@mamot.fr
Sales@intelliverse.com
sales@intelliverse.com
info@zombiebankmusic.com
sales@aggroup.co.uk
lhyeoh@malaysiaseoexpert.com
sandy@sandrajeffs.com
adam@atsocialmedia.co.uk
rajiv.b@lpcadvisors.com
abhilash@lpcadvisors.com
sohelrana06000@gmail.com
office@bydsyd.at
kckeller@bigpond.net.au
hello@nas.io
info@datascrapingservices.com
info@saveatrain.com
unsubscribe@saveatrain.com
legal@saveatrain.com
support@worktne.com
info@apolisrises.com
saarthak@risaaivf.com
meinkontakt@theheimat.at
plus@arlbergalpinaparts.com
support@burli.com
info@burli.com
sales@burli.com
info@cedcmail.com
gary@powermarketing.co.za
mswartz@egghealthhub.com
youremail@example.com
info@carpetspaidweekly.co.uk
steve@carpetspaidweekly.co.uk
sales@aandt.co.uk
contacto@lrcmagazine.com
mitch@synctrics.com
info@nofusspayroll.co.uk
info@clipboardmedia.nl
contact@brandactive.com
info@flowerpotmedia.com
hello@jump450.com
info@glantus.com
info@urbaneventsglobal.com
fourarrowsmedia@gmail.com
jon@2dadswithbaggage.com
sales@sumologic.com
Ds.Sweets@yahoo.com
support@folloze.com
info@estoreninja.com
bd.ronych@gmail.com
Hello@lifeonthegofilm.com
info@exclusivematchmaking.net
info@ammosny.com
rrhh@leadtransporteglobal.mx
support@geniusu.com
obvylit@gmail.com
windowtailors@aol.com
jim.barry@hunterdouglas.com
lynn.cruice@hunterdouglas.com
chelsea@liftypixel.com
info@honestbettingreviews.com
info@sparkcrowdfunding.com
admin@sparkcrowdfunding.com
info@thefoundationworks.com
support@myleadssite.com
info@myleadssite.com
office@domain.com
info@time54.co.uk
support@rebelsoftwarellc.com
hello@dollopgourmet.com
orders@ashishsingla.com
info@adionatech.com
ayazaynur1@gmail.com
support@robin-aisystem.com
info@sigmascreed.co.uk
abigail@erinleonardevents.com
Dfmcsorley@gmail.com
michelle.nolting@geniusu.com
info@chino.io
info@thought-horizon.com
info@readyforsocial.com
info@greendigitalworld.com
ninad@interpole.net
jeff@jjjinvesting.biz
sales@froo.com
sales@frooition.com
info@clonefluence.com
info@podcastservices.com.au
sales@netsmartz.com
editor@smallbizproducts.com
yuji@spacetwin.com
info@flowerscakesonline.com
info@outsourcing-journal.org
hello@furthr.ie
admin@kidneyfocuskenya.org
info@canview.com
info@adroitpeople.com
info@devrabbit.com
info@warrioraddict.com
yourname@company.com
someone@example.com
sales@brevitysoftwares.com
info@brevitysoftware.com
hi@gustavowrite.com
support@lambdatest.com
contact@thepeopleshub.org
rich@honiball.me
info@periculumlabs.com
Info@revenuemediagroup.com
info@bigdataframework.org
info@readcolors.com
everymilecreative@gmail.com
sukumarroy7319@gmail.com
social@fact-international.com
actnow@fact-international.com
support@proapp.design
hello@quantum.mu
lookatfinn@gmail.com
pietro.di.tora@alice.it
info@boyriven.co.uk
trustcopywriter@gmail.com
support@starapps.studio
support@webplanex.com
paul@unitytalent.co.uk
info@unitytalent.co.uk
query@aerenoutsourcing.com
info@bookotrip.ca
enelec@enelec.com
unicornunicyclist@gmail.com
Unicornunicylcist@gmail.com
hello@charter-life.com
support@industrium.com
user@domain.ext
contact@sproutmedia.co.uk
nathan@cordurouy.com
contact@reillysmall.com
ndamae7993@gmail.com
taha@seven52creative.com
bookings@thebierkeller.com
Group-13@1.5x.svg
Group-3@1.5x.svg
info@midrange.ca
garretts@serranowine.com
garrets@serranowine.com
hello@luxurique.com
growth@incisive-edge.com
team@aeonfortyeight.com
zielo@remax.es
info@spa-es.es
sales@masterpay.pro
legal@ringba.com
bradholcombe@outlook.com
info@goodguymovers.com
info@evolvedayspa.co.za
info@gibneycomm.ie
kayte@motorclaimsnetwork.co.uk
admin@trepup.com
info@msbcgroup.com
uae@msbcgroup.com
info@einstein11plus.com
clairek@redirecruitment.co.za
jacquim@redirecruitment.co.za
lerato.miya@rediholbourne.com
info@rediholbourne.com
logo-header@2x.webp
logo-header@3x.webp
logo-header@4x.webp
pos-terminal-go2@2x.webp
pos-terminal-go2@3x.webp
pos-terminal-go2@4x.webp
pos-terminal-go2-combo@2x.webp
pos-terminal-go2-combo@3x.webp
pos-terminal-go2-combo@4x.webp
pos-terminal-pro@2x.webp
pos-terminal-pro@3x.webp
pos-terminal-pro@4x.webp
office-employee@2x.webp
office-employee@3x.webp
office-employee@4x.webp
phone-business-account@2x.webp
phone-business-account@3x.webp
phone-business-account@4x.webp
mypos-go-2-sm@2x.webp
mypos-go-2-sm@3x.webp
mypos-go-2-sm@4x.webp
mypos-go-2-md@2x.webp
mypos-go-2-md@3x.webp
mypos-go-2-md@4x.webp
mypos-go-2-lg@2x.webp
mypos-go-2-lg@3x.webp
mypos-go-2-lg@4x.webp
mypos-go-2-xl@2x.webp
mypos-go-2-xl@3x.webp
mypos-go-2-xl@4x.webp
mypos-go-2-xxl@2x.webp
mypos-go-2-xxl@3x.webp
mypos-go-2-xxl@4x.webp
mypos-go-combo-sm@2x.webp
mypos-go-combo-sm@3x.webp
mypos-go-combo-sm@4x.webp
mypos-go-combo-md@2x.webp
mypos-go-combo-md@3x.webp
mypos-go-combo-md@4x.webp
mypos-go-combo-lg@2x.webp
mypos-go-combo-lg@3x.webp
mypos-go-combo-lg@4x.webp
mypos-go-combo-xl@2x.webp
mypos-go-combo-xl@3x.webp
mypos-go-combo-xl@4x.webp
mypos-go-combo-xxl@2x.webp
mypos-go-combo-xxl@3x.webp
mypos-go-combo-xxl@4x.webp
mypos-pro-sm@2x.webp
mypos-pro-sm@3x.webp
mypos-pro-sm@4x.webp
mypos-pro-md@2x.webp
mypos-pro-md@3x.webp
mypos-pro-md@4x.webp
mypos-pro-lg@2x.webp
mypos-pro-lg@3x.webp
mypos-pro-lg@4x.webp
mypos-pro-xl@2x.webp
mypos-pro-xl@3x.webp
mypos-pro-xl@4x.webp
mypos-pro-xxl@2x.webp
mypos-pro-xxl@3x.webp
mypos-pro-xxl@4x.webp
mypos-unattended-sm@2x.webp
mypos-unattended-sm@3x.webp
mypos-unattended-sm@4x.webp
mypos-unattended-lg@2x.webp
mypos-unattended-lg@3x.webp
mypos-unattended-lg@4x.webp
mypos-unattended-md@2x.webp
mypos-unattended-md@3x.webp
mypos-unattended-md@4x.webp
mypos-unattended-xl@2x.webp
mypos-unattended-xl@3x.webp
mypos-unattended-xl@4x.webp
home-account-image@2x.webp
home-account-image@3x.webp
home-account-image@4x.webp
home-account-box-1@2x.webp
home-account-box-1@3x.webp
home-account-box-1@4x.webp
home-account-box-2@2x.webp
home-account-box-2@3x.webp
home-account-box-2@4x.webp
home-account-box-3@2x.webp
home-account-box-3@3x.webp
home-account-box-3@4x.webp
home-account-box-4@2x.webp
home-account-box-4@3x.webp
home-account-box-4@4x.webp
accordion-payment-1@2x.webp
accordion-payment-1@3x.webp
accordion-payment-1@4x.webp
accordion-payment-2@2x.webp
accordion-payment-2@3x.webp
accordion-payment-2@4x.webp
accordion-payment-3@2x.webp
accordion-payment-3@3x.webp
accordion-payment-3@4x.webp
accordion-payment-4@2x.webp
accordion-payment-4@3x.webp
accordion-payment-4@4x.webp
card-image-1@2x.webp
card-image-1@3x.webp
card-image-1@4x.webp
card-image-2@2x.webp
card-image-2@3x.webp
card-image-2@4x.webp
home-awards-bg-mobile@2x.webp
home-awards-bg-mobile@3x.webp
home-awards-bg-mobile@4x.webp
home-awards-bg-xxl@2x.webp
home-awards-bg-xxl@3x.webp
home-awards-bg-xxl@4x.webp
home-awards-bg@2x.webp
home-awards-bg@3x.webp
home-awards-bg@4x.webp
app-store@2x.webp
app-store@3x.webp
app-store@4x.webp
google-play@2x.webp
google-play@3x.webp
google-play@4x.webp
app-gallery@2x.webp
app-gallery@3x.webp
app-gallery@4x.webp
sales@mypos.com
sales@mypos.eu
plugins@mypos.eu
partners@mypos.eu
hello@kongandway.com.au
acffest.info@gmail.com
20mgmt@simpleula.com
ula@simpleula.com
info@techbility.com
contact@lumevr.com
info@cld1ltd.com
balham@Aspire.co.uk
battersea@aspire.co.uk
claphamlettings@aspire.co.uk
c.fulham@Aspire.co.uk
fulham@aspire.co.uk
furzedown@aspire.co.uk
riverside@aspire.co.uk
headoffice@aspire.co.uk
newhomes@aspire.co.uk
balham@aspire.co.uk
hs.clapham@aspire.co.uk
c.fulham@aspire.co.uk
management@aspire.co.uk
blockmanagement@aspire.co.uk
overseas@aspire.co.uk
propman@aspire.co.uk
lucy.mcvey@lmvsocial.co.uk
info@mimrammedia.com
claire@justsailing.co.uk
info@paolapompei.it
paolapompei@psypec.it
geral@web-business.pt
info@web-business.pt
james@consult2626.com
James@consult2626.com
hello@99social.co.uk
cf.indiegogo@udnfunlife.com
info@seobartar.com
hi@moebiusgames.com
info@mobilveribilisim.com
jambo@daydreamsafaris.com
booking@daydreamsafaris.com
info@daydreamsafaris.com
mike@miketflanagan.com
info@miketflanagan.com
hello@pantaloon.io
info@switchup.org
salutdental@salutdental.com
noahidebooksforever@gmail.com
Viciouslyn@gmail.com
growth@thoughtfolks.com
info@out-smarts.com
contact@ekglaw.com
info@nlpacademy.co.uk
email@address.com
enquiries@middletable.com
derya.fiedler@gmail.com
hello@whistle.work
john@adcreative.co.uk
info@catserv.co.uk
webmaster@tmbroadcast.com
info@smartbrands.ca
info@angelika-feldmeier.de
info@optimaeurope.com
support@rezacmeyer.com
info@acsh.org
info@Holosuit.com
info@holosuit.com
careers@holosuit.com
hello@factoryforty.be
kerrie@beatgenius.co.uk
Ramey@MoneyByRamey.com
webmaster@moneybyramey.com
paul.wischmeyer@duke.edu
hello@justinmarsan.com
jack@greensock.com
e-mail@janpaepke.de
info@royaloakyattendon.com
info@abujaproperties.com
abuja@abujaproperties.com
lagos@abujaproperties.com
AbujaPropertiesLtd@gmail.com
contact@peoriaford.com
manu@manu.co
info@milotree.com
info@aspireccs.com
carol@digitalwitt.com
HELLO@digitalwitt.com
Expo@exhbay.com
helpme@createsomenoise.co.uk
info@odins.es
Info@brandpolished.com
contact@tokeny.com
info@dolbey.com
info@sababa.design
jmcgarry@webworks.ie
admin@hostleonard.com
info@globalknowledge.net
info@yoshimaru-kawagoe.com
gnordfelt@me.com
Email@gmail.com
partnerships@demandmore.co.uk
contact@exaegis.com
support@scrin.io
contact@techmode.io
marketing@opexustech.com
inquiry@oakcitytechnology.com
contact@gmazer.com
info@henryspain.co.uk
info@enewsoftsolutions.com
jeff@jeffKAGAN.com
jeff@jeffkagan.com
craig@exelite.co.uk
info@pelagicdivetravel.com
jason@cybersecurityjob.com
info@enigmediamarketing.com
info@a1webservice.com
Manager@A1webservice.com
Info@A1webservice.com
hello@googlecardboardcanada.ca
scott@intrepidescape.com
ziccardiantonio@me.com
invest@rhbophelo.co.za
music@magicsevenmusic.com
accounts@visiondci.com
numeralmineral@gmail.com
newton@nippondata.com
info@yellrobot.com
info@YellRobot.com
sanewschannel@gmail.com
iosushi16@gmail.com
paypal@softqualm.es
hallaomar@gmail.com
presidente.auxilia@gmail.com
info@xcedegroup.com
sales@unityautomation.com
info@ftcrowd.com
info@electro.com
info@etotalsports.com
sales@bisonsecurityposts.co.uk
info@yesomedia.com
info@givetheexcess.org
INFO@ADDISONTECH.COM
niras@niras.com
sales@mywaytravel.com
info@mywaytravel.com
20contact@clicdata.com
contact@clicdata.com
sarah@soldoutsuccess.com
info@unity4.com
rejomathewroy@gmail.com
jwright2812@gmail.com
guruphysics314@gmail.com
hello@onelink.to
support@onelink.to
info@smartadvance.com.au
contact@flairfirst.com
info@cocomms.co.uk
sales@skodtecelevators.com
Sales@skodtecelevators.com
database@camposcatafal.com
info@camposcatafal.com
contacto@ejemplo.com
spider-feedback@bytedance.com
lance@printitza.co.za
info@printitza.co.za
info@topnotchemployment.com
inexorabletash@gmail.com
info@inspiresoftware.com
hello@deisen-design.com
nicolamadebydm@gmail.com
grith@humtech.dk
lazybynature@outlook.com
livesey@liveseyshoe.co.uk
armishgems@gmail.com
archana@travelseewrite.com
contato@sitefactory.com.br
proptension@gmail.com
contactrocky@rockywalsh.com
hello@smallgiants.agency
contact@midhow.fr
support@nanovationlabs.com
naijasmartrepairs@gmail.com
admin@breanch.com
zcfw@tiens.com
info@cjjohnsonjr.com
marca@bimbo.lat
marcas@mazaintelectual.com
info@tension-study.eu
contacto@cosasdeasia.com
info@yellowjackmedia.com
support@telperiongroup.co.uk
info@flexrm.co.uk
st@ratgroup-it.de
info@ratgroup-it.de
contact@marketrealist.com
enquires@mtcglobalservices.com
wille@pdesign.graphics
hello@123internet.agency
gwendoline@laluciole-com.com
Alan@HD1WebDesign.com
wnnipeg@techcardi.com
toronto@techcardi.com
info@storyboardgroup.com
contactus@etauto.com
contactus@etretail.com
contactus@ethealthworld.com
contactus@ettelecom.com
contactus@etenergyworld.com
contactus@etcio.com
contactus@etrealty.com
contactus@etbrandequity.com
editor@ettech.com
contactus@etcfo.com
contactus@etciso.in
contactus@etbfsi.com
contactus@etgovernment.com
contactus@ethotelier.com
contactus@ettextile.com
contactus@etfacilities.com
contactus@etsports.com
contactus@etelectronics.com
contactus@etshipping.com
contactus@etsafety.com
contactus@etpackaging.com
contactus@etconstruction.com
contactus@etlight.com
contactus@etaviation.com
contactus@etsalon.com
contactus@ethrworld.com
contactus@etlegalworld.com
contactus@ettravelworld.com
contactus@etwaterworld.com
contactus@etmasterclass.com
contactus@etpharma.com
contactus@vconfex.com
contactus@etinfra.com
contactus@economictimesb2b.com
middle-east@ethrworld.com
contactus@eteducation.com
contactus@etmanufacturing.in
help@smugmug.com
dkim99@gmail.com
press@nagarro.com
ir@nagarro.com
marketing@nagarro.com
read@alaynahbibletyme.com
laynahharris@bibletyme.com
sales@temsafrica.com
info@markupdigi.com
enquiry.uk@procurri.com
nq@2x.svg
Support@HealFastProducts.com
hello@rejus.co.uk
comercial@voztelia.es
servicesales@yorpower.com
careers@yorpower.com
internalsales@yorpower.com
finex@finexexchange.ca
denis@roibusinessbrokers.com
mselvaggi@ft.nyl.com
ndenis@roibusinessbrokers.com
jmason@customersbank.com
info@tshukudumarket.com
twigton447@gmail.com
ntwigton447@gmail.com
info@pjmconsult.com
sales@sendmybox.co.uk
nate@strideresults.com
chicagowestand@gmail.com
admin@ajuda.org.uk
bifltheseries@gmail.com
zakaria.kamal@gmail.com
info@serpseller.com
webmaster@xenxo.pro
info@thegoddardcompany.com
jennifer@thegoddardcompany.com
info@linkedsuperpowers.com
ex@abc.xyz
info@cachimbas.net
spencer@dogwastesolutions.ca
v_khurana@venusindustries.in
contact@venusindustries.in
sr23032000@gmail.com
info@midsouthmakers.org
laiconbots@gmail.com
contact@scansku.com
reservations@fortrajwada.com
info@edify.in
classes@nagwa.com
info@keafon.com
ulli@bestagerfitness.coach
mark@peeledmedia.com
mike@peeledmedia.com
info@memphistechnology.org
dratulpatil85@gmail.com
customerservice@vsgcomms.com
robert@gettingaccountable.com
enquiries@armadillo.co.uk
info@topchro.com
sales@ikconinfotech.com
Gadgetnova.bd@gmail.com
info@srg-event.com
Sales@myrqb.com
support@mailsapex.com
info@jomasassociates.com
contact@visionerz.com
support@visionerz.com
info@visionerz.com
sales@visionerz.com
atg@africatradinggroup.com
info@aubergedes21.ca
contact@www.famouspixel.com
theteam@wn1-group.com
info@redpeppersoftware.com
info@ppc-outsourcing.ca
tableart@axisevents.co.uk
andrew@axisevents.co.uk
hello@octopuslegacy.com
amy@leadatanylevel.com
contact@engelvoelkers.com
greece@engelvoelkers.com
dubai@engelvoelkers.com
spain.dp@engelvoelkers.com
italia@engelvoelkers.com
luxembourg@engelvoelkers.com
andorra@engelvoelkers.com
paris@engelvoelkers.com
lisboa@engelvoelkers.com
info@yodelmobile.com
info@querycx.com
support@gimm.io
no-reply@gimm.io
sales@agilecrm.com
care@agilecrm.com
info@MLTD.com
info@clippingpathexcel.com
brenda@globalgals.com
hello@robtrounce.com
ronan@miramarmedia.com
NoMoreFreeBanz@gmail.com
info@blu-digital.co.uk
hello@thesocialstatusco.com
info@sharma-vivek.com
info@webinspecto.com
support@webinspecto.com
geral@4geo.pt
hello@2020innovation.com
info@skillfindergroup.com
info@skillfindergroup.co
protection@2x-2-300x-opt.webp
automate@2x-2-300x30-1.webp
TrapTubeTv84@Gmail.com
info@peoplescapehr.com
info@smart-contracts.co.uk
webmaster@fragrancely.ng
babumanish.kuwar@gmail.com
talhakhalid188@gmail.com
info@cygnetise.com
INFO@CYGNETISE.COM
info@dnmedia.co.ke
support@imonetizeit.com
ibachirweb@gmail.com
info@360spb.com
info@inspire.scot
info.way2teach@gmail.com
admin@shaner71.sg-host.com
contact@agencewebdwc.fr
hello@garnerfinnemore.co.uk
sarah@gmd-designs.com
Info@yourmail.com
info@seoportugal.net
marty@mannerspro.com
marylee@mannerspro.com
stephanie@mannerspro.com
info@armcommu.com
info@igrecruit.com
admin@scgroup.com.vn
info@scgroup.com.vn
reception@icbarcelona.com
webmaster@salewebdesign.com
support@Legendarymarketer.com
paul@gerrardconsulting.com
elsa@elsafernandes.com
easykroy@gmail.com
customercare@gandr.com.au
data@suttons.com.au
profilenycre@gmail.com
info@phe.com
hello@focus7int.com
leovterra@gmail.com
info@florida-brokers.com
info@hanoivespatours.com
ckwestlan@hotmail.com
alica.waldron@hotmail.com
jacquireed@bigpond.com
mark@redlotus.co.uk
customercare@zizira.com
marieloie@videotron.ca
info@clearwaterkent.co.uk
softwash@clearwaterkent.co.uk
rodolfo.latorre@hotmail.com
contact@corixpartners.com
suaralira@gmail.com
dristytv@gmail.com
info@dristy.tv
editor@dristy.tv
hello@fmxa.com
info@digitaldefence.ca
contact@zodhyatech.com
ganna.kazanova@gmail.com
info@ifeeltech.com
sales@kpmgroup.co.uk
info@ocdrecovery.com
talent@goghsolutions.com
atyourservice@Sorted4You.co.uk
atyourservice@sorted4you.co.uk
academy-team@semrush.com
info@marionfiedler.com
shauna@socialshauna.com
info@bbi.co.uk
success@21ce.biz
editor@livingmags.co.uk
yogesh@conceptallies.com
info@linkbuildingcorp.com
support@mynexusrewards.com
vendors@layout.theme.js
info@insight-security.com
info@sbsgroup.com.sg
contact@Linkcardsapp.com
catamaranalize@yahoo.com
admin@airkran.com
dltips14700@gmail.com
info@rfi.gov.rw
sales@railsfactory.com
dinesh@railsfactory.com
manuel@railsfactory.com
marketingguy@cox.net
success@onamal.com
info@abvig.com
jan@connectedbyhumans.com
info@dntpropertysolutions.com
info@kingstonweb.co.uk
marketing@hotelogix.com
relax@amyshouse.com.au
Chris@JohonnotTechnologies.com
Matt@JohonnotTechnologies.com
james@hedleyscatering.co.uk
info@hedleyscatering.co.uk
ssrmutalemwa@gmail.com
mkilamba@yahoo.com
musicpromotion@publicist.com
info@ngotoday.org
Sales@empowerSMB.com
kalashcards707@gmail.com
ilke_emlak1@hotmail.com
contact@domain.com
judy@thejudyking.com
Sales@base1st.com
sales@base1st.com
info@myrosys.com
info@aswagroup.com
info@rekhagems.com
wsparcie@cyberfolks.pl
sample@mail.com
info@iloho.com
tracking2u@gmail.com
junger@bradgood.net
info@bccgroup-uk.com
light@4x.webp
info@roc-search.com
info@celticdublin.com
contactus@oxyloans.com
radhakrishna.t@oxyloans.com
support@oxyloans.com
Info@fiehn.co.uk
20info@fiehn.co.uk
info@fiehn.co.uk
sales@horan.ie
info@detourmaps.com
detourmessages@gmail.com
barclayres@ihg.com
thebarclay.concierge@ihg.com
Barclayres@ihg.com
tdw.usavalues@gmail.com
help@trippose.com
trippose@gmail.com
info@royex.net
sales@liquidglasstech.com
pruperformance@gmail.com
soporte@shopperclub.net
support@bloobo.co.uk
sales.na@idp-corp.com
sales@idpamericas.com
sales@idp-corp.com
mea@idp-corp.com
info@astoncirebon.com
contactus@desteksolutions.com
info@eeoevents.com
nlucastvyt@gmail.com
clinton@partnerss.co
info@caonweb.com
info@tmc-la.com
m.marketingconsult@gmail.com
info@postagesupermarket.com
shafiqulctis@gmail.com
eastlanticcontact@gmail.com
inquire@81property.com
sales@18thdigitech.com
admin@promaxuk.com
yourName@gmail.com
marketing@4pixel.eu
info@gklighting.com
info@cultureconusa.org
help@reisawade.com
randerson@cbplourde.com
myname@example.com
Jeff@ZIP.marketing
info@nauticajuncrab.com
greatwall@cc-hg.com
oluwaseyialugbin@gmail.com
sales@ifactory.com
prognemus@gmail.com
nprognemus@gmail.com
saisaranamyatra@gmail.com
chris@chrisbaum.net
gkingtopup@gmail.com
info@tme.productions
input@jega.com
enquiry@santosh.ac.in
ombudsperson@santosh.ac.in
info@uaeluxurycarhire.com
info@cicsgroups.com
owners@rvtech4u.com
info@russianfilmweek.org
founder@russianfilmweek.org
office@s4gsales.com
customercare@capitalrise.com
info@orcawise.com
support@russwhitney.com
info@storytellit.com
alesgrupo@alesgrupo.com
ales@ales.es
sales@b2bindemand.com
info@bluenine.co.uk
info@cyzant.com
info@avbelize.com
info@lowcostletterbox.com
info@webfala.com
info@webseobrain.com
sara@essbeemarcoms.co.uk
DNKeventplanners@gmail.com
support@heliumdev.com
hello@itechservices.co.uk
hello@itech-services.co.uk
sales@eventdex.com
info@strategynook.com
support@strategynook.com
milenabbrandao@gmail.com
info@indiantypefoundry.com
info@shoreditch-events.co.uk
info@cloudmesoft.com
sscteam@wiley.com
name@domain.com
hello@lama-media.com
enquiry@agere-ca.com
hstonemarbre@gmail.com
tonynunezmma@yahoo.com
ajax-loader@2x.gif
info@bluhuski.com
info@nextgenmarketing.co.uk
support@templateism.com
sales@valuetext.io
kalubhai.chomu@mail.com
work@nowfloats.com
ria@nowfloats.com
verbok@verbok.com
info@adjuitec.com
infonew@alldimension.co.uk
enquiry@amipolymer.com
thedarksoulxxx@gmail.com
info@digimar.com
info@technotronicsllp.com
sponsors@meetmagentonyc.com
info@meetmagentonyc.com
speakers@meetmagentonyc.com
name@yoursite.com
ericalouise6@gmail.com
kontakt@aftermarket.pl
tanish@devopreneurs.com
info@bsl.org.bd
H9574@accor.com
Info@PainRelief.Healthcare
contact@upgrowth.in
editorial@totconteudo.com.br
vya.artist@gmail.com
hoot@hoot-app.com
Doe@gmail.com
info@clippingcrowdin.com
info@cloudsale.co
support@textproz.com
info@textproz.com
info@brandsensations.com
ndsgroups@gmail.com
info@biz-4-africa.com
bsdmotovlogs@gmail.com
marketing@codeengineers.com
ceo@codeengineers.com
newbusiness@codeengineers.com
adwords@codeengineers.com
biuro@codeengineers.com
help@colinaurelius.com
colin@colinaurelius.com
ceo@manageflitter.com
info@ficode.com
Info@ficode.com
sales@ficode.com
connect@qubesocial.com.au
info@serviceit.biz
aiwith@hotmail.com
help@automizy.com
info@redappletech.com
info@leadertelecom.nl
info@leaderssl.com
ulvvbte@auybmsqfu.au
info@videoatclick.com
brant@brantreader.com
sue-mia@purplepepperart.co.za
marketing@cedcommerce.com
mrswrn@gmail.com
tksartika@gmail.com
info@bevkaye.com
info@smartcarguys.com
admin@spdigitalconsultants.com
info@imxassets.com
contact@assifio.com
ikelgroupe@gmail.com
kagnousmith@gmail.com
urbainbodou4@gmail.com
sikasitsope48@gmail.com
rmousinzo@gmail.com
issifoud9@gmail.comi
ornellaamivi08@gmail.com
sibiti02@gmail.com
beautbio@yahoo.com
belhambeauty@gmail.com
etsngu@gmail.com
softafricatech@gmail.com
djibrilamingo@gmail.com
razpremier@gmail.com
jndafidina@yahoo.fr
gregoiretchakpea@gmail.com
rgbedze98@gmail.com
mahougnonesaie@gmail.com
yadamabdoubari@gmail.com
kpakouetienne@gmail.com
universdeco08@gmail.com
aichabusinessshop@yahoo.com
homasiawilson@gmail.com
mohamed__ayoub.11@hotmail.com
zenyogaston@gmail.com
gadigbea@gmail.com
adolphegbenou2@gmail.com
samuelelom10@gmail.com
anatommathieu83@gmail.com
okalex24@yopmail.com
eliekpeto0@gmail.com
kdestinyboy@gmail.com
dequieth08@gmail.com
betpascal05@gmail.com
rickinglamard85@gmail.com
komijonath@gmail.com
nouwagayao@gmail.com
jaelnorah@gmail.com
mayite82@gmail.com
salaoualassani@gmail.com
joicehouse07@gmail.com
jazuttes@gmail.com
djochoigroup@gmail.com
geraldineekoue@gmail.com
adakanouherve@gmail.com
angeenissa7@gmail.com
mifetoushalom@gmail.com
kokouafiemma@gmail.com
abdoulnbarma@gmail.com
zitadaketse@gmail.com
nelsonan328@gmail.com
domefaolivia700@gmail.com
igneedou@gmail.com
mededkoss03@gmail.com
houndossejoseph@gmail.com
kjmrugas@gmail.com
olaniceline23@gmail.com
lawsonpatersan@gmail.com
eternelmawulinvovic@gmail.com
psalambere@gmail.com
kosialexekpon@gmail.com
ibrahimdjibril780@gmail.com
amen14lino@gmail.com
maadjaaacompany@gmail.com
ramsodik1193@gmail.com
adjolomodesteyao@gmail.com
bebrightindustry@gmail.com
meamebmarket14@gmail.com
more@in1touch.com
pp@digi-service.eu
xxxx@xxxx.xxx
rahman.razibur@gmail.com
support@usbkill.com
chennai@galaxy-edu.com
bala@galaxyedugroup.com
pondy@galaxy-edu.com
madurai@edugroup.com
ram@galaxyedugroup.com
hyderabad@edugroup.com
rakhi@edugroup.com
ravichandra.@gmail.com
venkat@galaxygroups.co.uk
vidya@galaxyedugroup.com
International.@ymail.com
bonjourla@boldbeyond.com
u003Ebonjourla@boldbeyond.com
info@benecasa.ch
info@vbwebsol.com
rr.regencybuilders@gmail.com
thinkingminds@ymail.com
info@mixmode.ai
info@jsnherbals.com
contact@symphonicdigital.com
Info@vbwebconsultant.com
leanne@busbarmc.com
info@openforummedia.co.uk
support@elated-themes.com
info@groupr66.com
info@marketinstinct.co.za
info@mycompany.io
hello@vipgateway.co.uk
infokirides@yahoo.com
sales@bedbugdetergent.com
firstaidsaveslife@gmail.com
info@newreach.com
info@talentcmo.com
ventas@constructoraslima.pe
info@x2x-ecommerce.com
hello@uniqode.com
info@businesspropeller.org
Wendy@WNRealtor.com
bryan@bryandoyle.com
info@nepalindependentguide.com
info@chillydigital.com
localbusinessimages@gmail.com
sofieugilt@have.dk
michael@have.dk
stine@have.dk
questions@montlingo.com
sales@chatterresearch.com
info@indoasia-tours.com
support@foodo.tech
sterry@navint.com
support@promorepublic.com
support@c3pa.net
iryna.krotova@c3pa.network
adv@c3pa.network
marketing@c3pa.network
hr@c3pa.net
info@zervi.com
info@inclusion-inc.com
hello@inkelves.co.uk
email@saitourandtravel.in
subirnokrek@gmail.com
sales@dpiresearch.com
team@gimmer.net
email@domain.com
cartas@absocialmedia.com
theeikfellas@eikpodcast.com
info@thirdeyetechbd.com
info@shimpyinfotech.com
shimpyinfotech@gmail.com
sshimpy.srivastava@gmail.com
info@europeanalliances.co.uk
helena@wedo.com
gilles@wedo.com
mathilde@wedo.com
info@wedo.com
u003esecurity@wedo.com
u003einfo@wedo.com
leedsnorth@bluebirdcare.co.uk
harpreet@gcrewlive.com
wordpress@example.com
info@standoutcapital.com
support@flowdiary.com.ng
aloha@groundswellorigins.com
sales@china-steelpiling.com
grandpiling@gmail.com
info@bliwe.com
info@ambeone.com
info@prabhutisystems.com
sales@prabhutisystems.com
info@godalley.com
info@goDalley.com
sales@skillbuilderlms.com
greatwallofhiphop@gmail.com
info@automate.marketing
gm@artstablesm.com
info.printix@kofax.com
support@stage32.com
press@stage32.com
biz@stage32.com
ian@ianbarkley.com
joed@inlineb2b.com
sales@inlinemarketing.io
info@cnp.net
payments@eclipse2017.org
info@llccars.co.uk
info@agripoint.ug
admin@agripoint.ug
bari@permicro.it
bologna@permicro.it
catania@permicro.it
firenze@permicro.it
genova@permicro.it
milano@permicro.it
napoli@permicro.it
padova@permicro.it
pescara@permicro.it
pescara2@permicro.it
paola.forte@permicro.it
roma@permicro.it
torino@permicro.it
palermo@permicro.it
lecce@permicro.it
ancona@permicro.it
milano2@permicro.it
roma2@permicro.it
udine@permicro.it
cagliari@permicro.it
lamezia@permicro.it
torino2@permicro.it
bologna2@permicro.it
info@wemakegyms.com
vipin_axn@yahoo.com
info@superpeoplecompany.com
grow@canupy.com
jloup@gzip.org
madler@alumni.caltech.edu
info@indrealestates.com
sales@cmpmetal.com
info@cmpmetal.com
info@icontent.co.in
enquiries@sitewizard.co.uk
info@royalvoxpost.info
info@btbpeople.co.uk
support@aiobot.com
Matt@datadedicated.com
info@marcommit.nl
contact@capitolamedia.com
hello@nidmindia.in
hello@power.com
todddeanthompson@outlook.com
pearly@att.net
info@inkster.com
u003epkaump@boards2bowls.com
pkaump@boards2bowls.com
sales@dapak.co.uk
favorfims@yahoo.com
hola@cainetwork.com
soporte@cainetwork.com
group-8@2x.webp
group-9@2x.webp
info@pacifico.co.uk
info@bos.com
support@github.com
ersumitmunot@gmail.com
esraa.business0@gmail.com
reservation@clarksshiraz.net
info@bemydriver.es
info@natalielewin.com
info@xcomms.ie
partnership@forexposed.com
info@lovekeepcreate.co.uk
your@email.com
henry@finmodelslab.com.We
henry@finmodelslab.com
ecosystem@startuped.net
info@mbimybigidea.com
hello@accountsdirect.uk
enquirysaroha@gmail.com
info@technologyadvice.com
offshore@staff-india.com
advice@myvirtualpeople.com
raineytvcompany@gmail.com
info@iqlance.com
projectarthfael@gmail.com
info@karsildental.com
oviosm@gmail.com
info@smrfoundation.org
gm@ashlandhill.com
info@boardingpath.com
aporeticclouds@gmail.com
aporecticclouds@gmail.com
thesoundboxva@gmail.com
info@thesound-box.net
info@softgridcomputers.com
hello@houndandbadger.com
pico@picoart.com
info@nafeesnursery.com
nafeesnursery@rediffmail.com
anusaxena420@gmail.com
jasminer10011@gmail.com
Info@inspiredventures.co.uk
theteam@pomanda.com
rachel@bellestrategies.com
info@firstword.co.uk
info@rstechnologies.cc
contacto@exti.mx
info@image360tampaeast.com
hello@beosadia.com
info@thikhoevents.com
pr@thikhoevents.com
first.last@company.com
the-team@recyclepay.ug
support@bestwritinghelp.org
spectrum.ye.gs@gmail.com
sac@lojakings.com.br
u003Esac@lojakings.com.br
hotline@synergyworldwide.com
katrina@katrinachrist.com.au
info@heysite.io
info@grownebraska.org
info@nexstair.com
support@dawateislami.net
mark.jones@bcplanning.co.uk
info@gogetit247.com
info@gotgetit247.com
info@north-wales-digital.co.uk
info@jangamedia.in
info@ramtracking.com
info@crownnofficial.com
jkmpic@gmail.com
sales@bswusa.com
customerservice@bswusa.com
ranjitkumardutta54@gmail.com
biuro@zoneit.pl
job@zoneit.pl
office@zoneit.pl
applications@cedr.com
info@searchit.cc
support@bigtincan.com
info@nerdsshop.us
info@azuruw.com
info@calamaragency.com
info@mangates.com
Jared.DeMarinis@maryland.gov
info@tonyasweat.com
fieldops@tonyasweat.com
campaignmanager@tonyasweat.com
treasurer@tonyasweat.com
mekue.tafesewerq@maryland.gov
sales@shephertz.com
support@shephertz.com
support@foxmetrics.com
support@tejarat.co.in
yhfei_2006@wit.edu.cn
info@everesttrekkers.com
visitor@bigwolfmarketing.co.uk
quote@bigwolfmarketing.co.uk
info@bigwolfmarketing.co.uk
cv@bigwolfmarketing.co.uk
info@henko.co.uk
alice@nicestjobs.com
helpdesk.us@brightmine.com
chris@rubberdragon.com
info@rubberdragon.com
info@merge.show
INFO@MERGE.SHOW
foundation@uwibfoundation.org
sales@fueldesign.co.nz
Support@erosmoney.com
conference@socialmedia.sr
sales@orgzit.com
tony@stark-industries.com
adhnanholidays@gmail.com
rizvigaffar15@gmail.com
inquiries@ruizstrategies.com
INQUIRIES@RUIZSTRATEGIES.COM
support@funneldash.com
info@rubixsolutions.net.au
office@sclrlabs.com
hallo@advidera.com
info@soonyu.com
info@webrife.com
contact@ainfosolutions.com
info@kotlerimpact.com
hello@transdatadigital.com
info@dbigfish.com
success@repspark.com
sales@repspark.com
contact@invints.com
hr@invints.com
info@attrock.com
hello@i-verve.com
info@gaekon.com
walo@walo.ch
walo.usa@walo.com
webmaster@walo.com
IT-ServiceDesk@walo.ch
sharmams731@gmail.com
info@kapsystem.com
admin@website.com
office@co-gassafety.co.uk
info@finesofttechnologies.com
hello@reddbug.com
fvargasbr@outlook.com
somandotalentos@gmail.com
danielle.veiga@accenture.com
Alexandro.lima@accenture.com
alexandro.lima@accenture.com
mario@heliocentrica.com
info@edgewatersm.com
eastgatephysio@yahoo.com
contact@clickandmortar.fr
info@onehop.in
info@figapps.co
u003einfo@figapps.co
seanfinlay@outlook.com
riteshpatnaik85@gmail.com
info@mytrueinvestment.com
info@studioegmimarlik.com
emre@studioegmimarlik.com
gokhan@studioegmimarlik.com
hello@mrhack.io
hello@onlinehikes.com
mrhackchannel@gmail.com
nhello@onlinehikes.com
contact@host2boost.com
support@host2boost.com
sales@host2boost.com
info@digimarkbd.com
sales2@digimarkbd.com
sales.ctg@digimark.com.bd
sales.idb@digimark.com.bd
corporate@digimark.com.bd
sales.uttara@digimark.com.bd
sales3@digimarkbd.com
sales4@digimark.com.bd
info@iaspor.com.bd
info@zeustechnocrats.com
maulik.jadvani@gmail.com
taylor.brown@workplace.com
hello@jobsity.com
service@bigdad.com
Nelkinuswalela@gmail.com
sales@searchen.com
support@searchen.com
sales@manansteel.com
contact@agencesubstance.ca
20info@imecrudrapur.in
info@imecrudrapur.in
info@otssolutions.com
info@investornews.com
mashkoor.hammad@gmail.com
info@phiferindia.com
supportcentre@phiferindia.com
hrdkrami@gmail.com
info@theinfluenceagency.com
quote@websites.360.co.za
quote@websites360.co.za
support@essayswriters.com
intwiz33@gmail.com
tradert88@gmail.com
contact@techgenyz.com
info@cropsiafoods.com
info@radius-telecom.ie
info@radius.ie
info@listengage.com
rohan999majumder@gmail.com
customercare@ajio.com
laura@lauraevansmedia.com
info@elmercadoartesano.es
sylhetprothidin24@gmail.com
hello@lornascully.com
info@sak-solution.com
Info@avenir3d.org
Info@StartSmallMedia.com
music@fakaza.com
contact@industryintel.com
info@lohiapackers.com
info@thedreamsteps.com
sales@thedreamsteps.com
info@lovettwebdesign.com
connect@axtria.com
contact@satcomdigital.com
letstalk@bettercommerce.io
pranu@bettersite.com
webmaster@nairadiary.com
info@synccreative.co.uk
sales@htmlpro.net
hr@softwarepro.nyc
words@from-scratch.net
info@nordichinstitute.eu
leemarie.kennedy@gmail.com
makkalsevaimaiyam@yahoo.com
roadsafetyindia@yahoo.com
info@designvorsprung.de
Info@planaradiostation.com
info@xanadumedia.com.tr
info@mexborough.biz
john@thehonosgroup.com
info@jsdesign.de
info@ctinanotech.com
mail@example.com
info@mlinkuk.com
info@rminfosec.co.uk
oliver.banks@obandco.uk
info@msmemart.com
support@aajjo.com
info@aajjo.com
hi@smartmoderation.com
webmaster@creativehive.org.uk
info@benciaafricaadventure.com
info@clevered.com
om@mediastreamme.com
shiksha@clevered.com
sales@iflair.com
careers@iflair.com
info@iflair.com
sales@blub0x.com
hello@motiff.co
jobs@motiff.co
info@rainbowtoken.com
careers@redcat-digital.com
sharmayatin62@gmail.com
henry@carbonglobal.co.uk
contacts@mavenecommerce.com
genecoppernmssa@gmail.com
info@pinkston.co
nrussellrapp58@gmail.com
faizoram@yahoo.com
faizoram@gmail.com
sapient@ultimatesapient.com
admin@kavenacc.co.ke
trantrieu178.ptit@gmail.com
minhphuvina@gmail.com
nhuaminhphuvina.ltd@gmail.com
edgemartialartsscv@gmail.com
ross@clifford-associates.com
career@chrisrohde.com
kadambarisangeet@gmail.com
cheryl.monaghan@virgin.net
digital-vidya-logo@2x.webp
info@digitalvidya.com
Digital-Vidya-Logo@2x.webp
info@dreamup.today
sales@karnival-costumes.co.uk
info@medleyindia.com
wendigo.eats.wendigo@gmail.com
stretch@crop2.png.webp
crop2@2x.png.webp
ask@vivedigital.co.ke
hi@typemade.mx
info@captains.nl
info@gorillasafariscompany.com
info@minstermutts.co.uk
info@asiandirectoryapp.com
info@marcocarrasco.es
info@abtexelgroup.com
elizabeth@officreche.com
office@mbccucc.org
joseph.foy@randstaddigital.com
info@vesnaventures.com
femvertising@sheknows.com
Femvertising@sheknows.com
arno@bossdata.be
hello@bossdata.be
info@charecruitment.com
info@mapdr.com
info@lumiit.com.au
hola@rubensanzgil.com
chris@streetcredits.co.uk
info@streetcredits.co.uk
assi.official20@gmail.com
sales@trendypitch.com
Sales@trendypitch.com
support@trendypitch.com
hi@gabrielahereandthere.com
info@mail.com
info@nearbuds.com
info@cosmobalitours.com
websitename@email.com
info@wyedeanwebsites.co.uk
dawn@yourinterviewcoach.co.uk
trplmm3@gmail.com
gian2130es@gmail.com
supply.shipservices@gmail.com
hello@spark6.com
info@theaussieagency.com
contact@rockon.tech
video@travelvids.tv
info@bruilt.com
info@smokingchilimedia.com
contact@iqtecture.com
connect@reneetwalker.com
sagor@sagor.co.uk
help@restaurantops.co
matt@copywriterscrucible.com
info@seoconsultingkenya.com
hello@shinecreative.co.uk
patrick.gatenby@orcid.co.uk
judy.atchison@orcid.co.uk
Lorna@themothershipgroup.com
mike.penny@orcid.co.uk
sue.tyrer@orcid.co.uk
tim.bowie@orcid.co.uk
suzie.ryder@orcid.co.uk
louise.gatenby@orcid.co.uk
hello@orcid.co.uk
hellodbn@matriarch.co.za
helloct@matriarch.co.za
hellojhb@matriarch.co.za
2880327197@qq.com
sales@mindflashonline.com
office@makolab.com
Logo@1x.svg
majesticentertainment@live.com
nleesejoong@gmail.com
info@mijn-website-maken.be
info@walsn.com
service@walsn.com
info@walsn.com.cn
uk@walsn.com
rcerrom@gmail.com
realchrislace@gmail.com
info@copierltd.com
jacquelynlynaugh@gmail.com
info@testamarketing.com
josepmaria@testamarketing.com
info@5ines.com
sales@5ines.com
sales@5ine.com
d@gmail.com
d@york.ac.uk
6@gmail.com
n@gmail.com
i@gmail.com
r@york.ac.uk
1@cam.ac.uk
n@all-souls.ox.ac.uk
r@cantab.net
k@gmail.com
k@wp.pl
a@hum.leidenuniv.nl
t@uea.ac.uk
n@exeter.ac.uk
y@sas.ac.uk
i@unicatt.it
9@york.ac.uk
stefan.bauer@york.ac.uk
q@q.com
info@centraldatastorage.com
admin@mindfulceo.life
Fadly@BelbinSingapore.com
weston@westonfortexas.com
adsales@foxnews.com
katy@blakesocial.co.uk
alan.ewart@icloud.com
info@izum.io
sdhakad+yp@gmail.com
hello@bainesmarketing.com
urgent@rule702.com
admin@linux.pl
dt@blackcowltd.com
rosevinecottagegirls@gmail.com
support@azmazo.com
johnmcintosh.love@gmail.com
contact@hueyhutch.com
support@moxiworks.com
info@windermere.com
campaigns@info.properties
cherie.rice@floridamoves.com
cherie.rice@cbrealty.com
info@cottonconnect.org
clifton.daye@fosmessenger.com
info@dataprotection.blog
info@yarnlive.com
Standish913@gmail.com
info@fugenx.com
njycf@ukpeculiar.com
daniellinkauthor@gmail.com
info@intentionalfutures.com
Mila_art@ukr.net
marilyn@bitsofclay.com
abhishek@inboundwebhub.com
support@brandbetter.org
daniella@headfordgroup.com
danny@headfordgroup.com
lifelinelabanand@gmail.com
info@wilkinson.associates
chris@chrisilstondigital.com
info@limani-immo.ch
admin@yourstaff.tech
